ano;cancer;territorio;internacoes;obitos;valor_total;dias_internacao_total;dias_internacao_media;idade_media
2013;Mama;Rio Claro;34;2;60565.37;64.0;1.88;55.03
2014;Mama;Rio Claro;36;3;55980.12;110.0;3.06;57.83
2015;Mama;Rio Claro;40;4;72401.23;113.0;2.83;58.95
2016;Mama;Rio Claro;44;2;117514.08;100.0;2.27;52.45
2017;Mama;Rio Claro;55;2;145062.39;86.0;1.56;55.58
2018;Mama;Rio Claro;24;0;54579.79;54.0;2.25;56.88
2019;Mama;Rio Claro;55;4;132237.41;164.0;2.98;59.44
2020;Mama;Rio Claro;37;4;76334.35;75.0;2.03;53.27
2021;Mama;Rio Claro;70;4;148264.44;146.0;2.09;55.56
2022;Mama;Rio Claro;62;4;130982.68;144.0;2.32;58.47
2023;Mama;Rio Claro;67;2;175562.14;90.0;1.34;56.49
2024;Mama;Rio Claro;53;7;114217.59;131.0;2.47;60.04
2025;Mama;Rio Claro;93;4;237210.73;155.0;1.67;57.76
2013;Mama;São Paulo;11296;976;19875312.55;43023.0;3.81;55.66
2014;Mama;São Paulo;11381;1032;21677094.82;42129.0;3.7;55.94
2015;Mama;São Paulo;9885;839;18999922.55;34916.0;3.53;56.02
2016;Mama;São Paulo;11311;1040;21975124.32;39700.0;3.51;55.65
2017;Mama;São Paulo;14159;1269;27487990.51;51022.0;3.6;55.95
2018;Mama;São Paulo;8174;750;15944357.46;29106.0;3.56;55.82
2019;Mama;São Paulo;10489;912;20556248.71;34360.0;3.28;56.21
2020;Mama;São Paulo;10791;998;22248764.84;35202.0;3.26;55.87
2021;Mama;São Paulo;15261;1352;33607255.15;48814.0;3.2;55.97
2022;Mama;São Paulo;15568;1295;34208811.11;49836.0;3.2;56.21
2023;Mama;São Paulo;19730;1491;45320058.04;58971.0;2.99;56.5
2024;Mama;São Paulo;15265;1066;41751243.24;44244.0;2.9;56.64
2025;Mama;São Paulo;23786;1658;61800029.72;69685.0;2.93;56.78
2013;Colo do útero;Rio Claro;3;0;2656.99;16.0;5.33;63.67
2014;Colo do útero;Rio Claro;8;0;15551.89;30.0;3.75;43.25
2015;Colo do útero;Rio Claro;6;0;13219.07;18.0;3.0;43.5
2016;Colo do útero;Rio Claro;6;0;13589.57;6.0;1.0;44.33
2017;Colo do útero;Rio Claro;4;1;5817.73;24.0;6.0;47.5
2018;Colo do útero;Rio Claro;2;0;1372.23;6.0;3.0;55.0
2019;Colo do útero;Rio Claro;8;1;15072.75;33.0;4.12;61.62
2020;Colo do útero;Rio Claro;16;3;32092.03;60.0;3.75;48.69
2021;Colo do útero;Rio Claro;8;3;5320.46;17.0;2.12;58.12
2022;Colo do útero;Rio Claro;8;0;18068.28;41.0;5.12;43.62
2023;Colo do útero;Rio Claro;10;2;19118.22;51.0;5.1;55.2
2024;Colo do útero;Rio Claro;6;0;20253.3;10.0;1.67;47.83
2025;Colo do útero;Rio Claro;28;6;37536.72;109.0;3.89;49.11
2013;Colo do útero;São Paulo;3026;309;4296308.42;16427.0;5.43;49.93
2014;Colo do útero;São Paulo;2902;294;4301419.0;15460.0;5.33;50.23
2015;Colo do útero;São Paulo;2325;244;3388278.83;12790.0;5.5;50.13
2016;Colo do útero;São Paulo;2515;305;3767128.04;14402.0;5.73;49.49
2017;Colo do útero;São Paulo;3266;416;5239911.57;19432.0;5.95;49.18
2018;Colo do útero;São Paulo;1968;226;2936320.23;11193.0;5.69;49.08
2019;Colo do útero;São Paulo;2530;268;3969997.47;13127.0;5.19;49.09
2020;Colo do útero;São Paulo;2612;318;4478110.06;14067.0;5.39;49.02
2021;Colo do útero;São Paulo;3719;448;6471139.33;20456.0;5.5;49.19
2022;Colo do útero;São Paulo;3948;401;7218406.69;21203.0;5.37;48.54
2023;Colo do útero;São Paulo;4738;448;9164118.0;24341.0;5.14;48.41
2024;Colo do útero;São Paulo;3657;328;7634412.93;18436.0;5.04;48.67
2025;Colo do útero;São Paulo;5330;466;11361839.04;25118.0;4.71;48.91
2013;Colorretal;Rio Claro;17;0;76961.95;104.0;6.12;67.76
2014;Colorretal;Rio Claro;27;7;100158.11;163.0;6.04;64.33
2015;Colorretal;Rio Claro;21;3;68396.43;171.0;8.14;62.62
2016;Colorretal;Rio Claro;17;1;79192.49;109.0;6.41;55.88
2017;Colorretal;Rio Claro;25;2;84769.15;147.0;5.88;59.44
2018;Colorretal;Rio Claro;9;1;34099.58;56.0;6.22;56.78
2019;Colorretal;Rio Claro;29;0;101722.92;185.0;6.38;58.28
2020;Colorretal;Rio Claro;17;2;45657.82;100.0;5.88;61.06
2021;Colorretal;Rio Claro;30;3;112084.68;269.0;8.97;62.0
2022;Colorretal;Rio Claro;42;4;143849.77;258.0;6.14;57.88
2023;Colorretal;Rio Claro;64;2;256713.23;414.0;6.47;62.22
2024;Colorretal;Rio Claro;40;7;108415.54;191.0;4.78;60.17
2025;Colorretal;Rio Claro;42;4;175012.46;188.0;4.48;63.17
2013;Colorretal;São Paulo;5897;603;15555589.66;39074.0;6.63;59.75
2014;Colorretal;São Paulo;5894;618;16936874.0;39550.0;6.71;59.92
2015;Colorretal;São Paulo;5150;540;13758428.53;33203.0;6.45;60.03
2016;Colorretal;São Paulo;5973;609;16593286.74;37033.0;6.2;60.82
2017;Colorretal;São Paulo;7435;803;20406312.15;47482.0;6.39;61.1
2018;Colorretal;São Paulo;3982;446;11110821.59;25767.0;6.47;61.58
2019;Colorretal;São Paulo;5346;578;14552322.19;32332.0;6.05;61.57
2020;Colorretal;São Paulo;5290;610;15104676.71;30915.0;5.84;61.71
2021;Colorretal;São Paulo;8055;851;23524263.28;44701.0;5.55;61.51
2022;Colorretal;São Paulo;8021;839;23441845.25;45364.0;5.66;62.15
2023;Colorretal;São Paulo;9851;1013;29272076.37;57291.0;5.82;62.09
2024;Colorretal;São Paulo;7976;851;26407100.77;44830.0;5.62;62.34
2025;Colorretal;São Paulo;12471;1241;43643075.53;67911.0;5.45;62.89
2013;Ovário;Rio Claro;11;3;35558.9;90.0;8.18;50.64
2014;Ovário;Rio Claro;9;2;35762.85;34.0;3.78;60.67
2015;Ovário;Rio Claro;9;0;30579.64;37.0;4.11;60.11
2016;Ovário;Rio Claro;18;1;53004.41;70.0;3.89;56.89
2017;Ovário;Rio Claro;10;1;25002.25;54.0;5.4;56.4
2018;Ovário;Rio Claro;3;0;10528.55;14.0;4.67;55.67
2019;Ovário;Rio Claro;4;2;6217.62;7.0;1.75;63.25
2020;Ovário;Rio Claro;4;0;17246.91;10.0;2.5;48.0
2021;Ovário;Rio Claro;7;1;21937.57;22.0;3.14;54.43
2022;Ovário;Rio Claro;13;1;29811.3;42.0;3.23;62.15
2023;Ovário;Rio Claro;11;0;49583.23;25.0;2.27;61.45
2024;Ovário;Rio Claro;14;0;26932.89;80.0;5.71;50.0
2025;Ovário;Rio Claro;16;0;48346.96;69.0;4.31;43.25
2013;Ovário;São Paulo;1906;227;4527255.87;10703.0;5.62;52.86
2014;Ovário;São Paulo;1969;223;5122355.93;11145.0;5.66;54.16
2015;Ovário;São Paulo;1782;223;4575241.92;9940.0;5.58;53.81
2016;Ovário;São Paulo;1935;255;5344539.84;11131.0;5.75;53.49
2017;Ovário;São Paulo;2232;303;5816281.54;12419.0;5.56;52.83
2018;Ovário;São Paulo;1273;160;3449508.4;6992.0;5.49;54.05
2019;Ovário;São Paulo;1717;213;4336756.71;8913.0;5.19;54.21
2020;Ovário;São Paulo;1697;220;4463195.57;8510.0;5.01;54.53
2021;Ovário;São Paulo;2537;296;7131121.62;12406.0;4.89;54.9
2022;Ovário;São Paulo;2291;239;6373742.3;11100.0;4.85;54.66
2023;Ovário;São Paulo;2696;302;8038391.73;12925.0;4.79;53.94
2024;Ovário;São Paulo;2094;213;6546515.74;9827.0;4.69;54.14
2025;Ovário;São Paulo;3254;316;10342857.41;14584.0;4.48;54.91
2013;Pele não melanoma;Rio Claro;8;0;18275.86;19.0;2.38;73.88
2014;Pele não melanoma;Rio Claro;8;0;13653.01;7.0;0.88;80.25
2015;Pele não melanoma;Rio Claro;9;0;11015.39;45.0;5.0;62.0
2016;Pele não melanoma;Rio Claro;11;0;12630.77;14.0;1.27;68.36
2017;Pele não melanoma;Rio Claro;8;0;10286.99;4.0;0.5;72.0
2018;Pele não melanoma;Rio Claro;5;0;15098.39;2.0;0.4;77.6
2019;Pele não melanoma;Rio Claro;21;0;15155.88;6.0;0.29;73.95
2020;Pele não melanoma;Rio Claro;14;0;15602.79;3.0;0.21;59.79
2021;Pele não melanoma;Rio Claro;24;0;18120.89;7.0;0.29;65.5
2022;Pele não melanoma;Rio Claro;22;0;19965.91;7.0;0.32;69.05
2023;Pele não melanoma;Rio Claro;36;0;23301.69;0.0;0.0;63.06
2024;Pele não melanoma;Rio Claro;20;0;22697.64;1.0;0.05;67.55
2025;Pele não melanoma;Rio Claro;50;1;55160.46;18.0;0.36;68.42
2013;Pele não melanoma;São Paulo;3167;24;2250612.77;3556.0;1.12;68.34
2014;Pele não melanoma;São Paulo;3575;27;2388192.38;3426.0;0.96;67.92
2015;Pele não melanoma;São Paulo;3008;40;2124209.9;2600.0;0.86;68.44
2016;Pele não melanoma;São Paulo;3827;22;2763801.44;3029.0;0.79;68.67
2017;Pele não melanoma;São Paulo;4564;37;3407848.12;3239.0;0.71;69.51
2018;Pele não melanoma;São Paulo;2915;17;1914089.08;1806.0;0.62;67.94
2019;Pele não melanoma;São Paulo;3574;28;2450255.08;2286.0;0.64;68.78
2020;Pele não melanoma;São Paulo;2633;24;2066848.15;1864.0;0.71;69.21
2021;Pele não melanoma;São Paulo;3946;41;3648491.09;2967.0;0.75;69.93
2022;Pele não melanoma;São Paulo;4606;46;4158257.23;3355.0;0.73;69.5
2023;Pele não melanoma;São Paulo;6292;55;5636297.57;3712.0;0.59;70.24
2024;Pele não melanoma;São Paulo;5716;65;5810108.67;3338.0;0.58;70.11
2025;Pele não melanoma;São Paulo;9744;71;9201176.71;4732.0;0.49;70.08
2013;Pulmão;Rio Claro;8;3;8771.05;33.0;4.12;63.0
2014;Pulmão;Rio Claro;6;2;4791.4;40.0;6.67;60.0
2015;Pulmão;Rio Claro;6;1;6928.3;49.0;8.17;58.83
2016;Pulmão;Rio Claro;1;0;2061.69;7.0;7.0;48.0
2017;Pulmão;Rio Claro;6;2;14400.15;42.0;7.0;64.5
2018;Pulmão;Rio Claro;7;3;12594.46;55.0;7.86;59.14
2019;Pulmão;Rio Claro;2;1;1073.38;15.0;7.5;61.0
2020;Pulmão;Rio Claro;9;3;31105.14;89.0;9.89;69.11
2021;Pulmão;Rio Claro;7;5;7095.15;24.0;3.43;55.71
2022;Pulmão;Rio Claro;10;2;31920.17;64.0;6.4;59.0
2023;Pulmão;Rio Claro;15;4;22175.94;72.0;4.8;59.27
2024;Pulmão;Rio Claro;20;4;35123.73;118.0;5.9;65.2
2025;Pulmão;Rio Claro;12;4;12281.8;57.0;4.75;61.25
2013;Pulmão;São Paulo;1614;391;2190448.89;10955.0;6.79;60.53
2014;Pulmão;São Paulo;1840;514;2681313.0;13241.0;7.2;61.27
2015;Pulmão;São Paulo;1566;420;2223004.67;10959.0;7.0;61.62
2016;Pulmão;São Paulo;1714;510;2907729.98;13254.0;7.73;62.31
2017;Pulmão;São Paulo;2224;630;3527528.91;16041.0;7.21;62.64
2018;Pulmão;São Paulo;1291;370;2179197.05;9249.0;7.16;62.44
2019;Pulmão;São Paulo;1575;445;2451671.43;10793.0;6.85;62.37
2020;Pulmão;São Paulo;1839;565;2659284.19;12145.0;6.6;63.36
2021;Pulmão;São Paulo;2336;683;3838295.35;16190.0;6.93;63.34
2022;Pulmão;São Paulo;2429;695;4501000.39;17860.0;7.35;64.12
2023;Pulmão;São Paulo;3008;842;5545905.63;19756.0;6.57;64.59
2024;Pulmão;São Paulo;2393;617;4805766.12;16110.0;6.73;64.7
2025;Pulmão;São Paulo;3753;932;8149047.43;25051.0;6.67;64.07
2013;Tireoide;Rio Claro;6;0;16911.06;23.0;3.83;45.5
2014;Tireoide;Rio Claro;0;0;0.0;0.0;;
2015;Tireoide;Rio Claro;2;0;7878.17;7.0;3.5;58.0
2016;Tireoide;Rio Claro;1;0;2884.3;2.0;2.0;19.0
2017;Tireoide;Rio Claro;5;0;11484.24;9.0;1.8;56.6
2018;Tireoide;Rio Claro;0;0;0.0;0.0;;
2019;Tireoide;Rio Claro;0;0;0.0;0.0;;
2020;Tireoide;Rio Claro;4;0;11320.6;9.0;2.25;59.25
2021;Tireoide;Rio Claro;3;0;4060.56;9.0;3.0;30.0
2022;Tireoide;Rio Claro;1;0;2917.86;2.0;2.0;44.0
2023;Tireoide;Rio Claro;1;0;492.15;1.0;1.0;53.0
2024;Tireoide;Rio Claro;3;0;7026.25;5.0;1.67;44.0
2025;Tireoide;Rio Claro;5;0;17888.79;4.0;0.8;41.2
2013;Tireoide;São Paulo;1879;20;3949807.63;4666.0;2.48;49.28
2014;Tireoide;São Paulo;1977;17;4625718.31;4555.0;2.3;49.11
2015;Tireoide;São Paulo;1595;17;3817429.08;3744.0;2.35;49.46
2016;Tireoide;São Paulo;1752;16;4069315.97;3635.0;2.07;49.26
2017;Tireoide;São Paulo;1938;23;4893402.14;4556.0;2.35;49.55
2018;Tireoide;São Paulo;1110;13;2473844.26;2471.0;2.23;49.13
2019;Tireoide;São Paulo;1212;14;3077852.16;2669.0;2.2;49.04
2020;Tireoide;São Paulo;1056;19;2771083.96;2280.0;2.16;49.5
2021;Tireoide;São Paulo;1759;25;4564472.43;3364.0;1.91;49.56
2022;Tireoide;São Paulo;1787;23;4924526.0;3810.0;2.13;50.28
2023;Tireoide;São Paulo;2179;44;5680774.93;4303.0;1.97;49.98
2024;Tireoide;São Paulo;1743;13;5625773.18;3312.0;1.9;50.07
2025;Tireoide;São Paulo;2857;41;8868525.62;5637.0;1.97;50.41